ID	Coverage	Top_Species	Top_Identity	Top_Pvalue	Second_Species	Second_Identity	Second_Pvalue	Total_Length	Num_Contigs	Largest_Contig	N50	GC_Content	N_Count	N_Percent	total_reads_before	total_bases_before	q20_rate_before	q30_rate_before	total_reads_after	total_bases_after	q20_rate_after	q30_rate_after	read1_mean_length_after	read2_mean_length_after
GCWGS-2193	96.3421	NA	NA	NA	NA	NA	NA	2214858	176	0	67244	52.40	0	0	513092	122698933	0.9451	0.871705	496780	117727050	0.963237	0.895762	238	235
GCWGS-2494	94.4941	NA	NA	NA	NA	NA	NA	2140454	223	0	46673	52.50	0	0	912936	181388261	0.927153	0.891056	844274	167814750	0.952271	0.923493	199	198
GCWGS-3958	97.2705	NA	NA	NA	NA	NA	NA	2216075	169	0	76605	52.33	0	0	1016314	236300494	0.968957	0.921514	989906	229596590	0.979328	0.936277	232	231
GCWGS-3992	95.2534	NA	NA	NA	NA	NA	NA	2194843	255	0	58002	52.48	0	0	824016	172154400	0.923702	0.889405	757298	157040539	0.95245	0.926106	207	206
MIL065	95.844	NA	NA	NA	NA	NA	NA	2128450	179	0	89357	52.64	0	0	10846974	2465360317	0.971355	0.953593	10525534	2362342925	0.973217	0.956105	234	214
